Age,Gender,BloodPressure,Cholesterol,HeartRate,QuantumPatternFeature,HeartDisease
68,1,105,191,107,8.362240688,1
58,0,97,249,89,9.249001528,0
44,0,93,190,82,7.94254206,1
72,1,93,183,101,6.495155116,1
37,0,145,166,103,7.653900124,1
50,1,114,271,73,8.63160402,0
68,1,156,225,73,7.559544668,1
48,0,156,236,61,9.152102641,0
52,0,116,266,114,9.146931988,0
